PhoneNumber,SirName,FirstName,LastName,Type,EmailAddress
57955-1561,,Oren,Brosi,Curator,
45963-600,,Christabel,Arunowicz,Curator,
68647-112,,Sonny,Belcham,Curator,
60683-082,,Wandis,Kuhnel,Curator,
76151-251,,Velvet,Glas,Curator,
0363-9650,,Griz,Klesel,Curator,
0781-2615,,Rosemarie,Matuszak,Curator,
49999-347,,Aldus,Kippen,Curator,
53808-0754,,Brooks,Arkow,Curator,
49349-059,,Yoshi,Stockin,Curator,
52125-393,,Pryce,Pancoust,Curator,
31190-700,,Lorrayne,Commings,Curator,
22408-001,,Fara,Tyers,Curator,
54473-208,,Lisa,Golborne,Curator,
65044-1020,,Alene,Longthorn,Curator,
55910-024,,Hermy,Raoul,Curator,
16590-994,,Ely,Collett,Curator,
52686-281,,John,Tabbernor,Curator,
11822-8787,,Reginauld,Volonte,Curator,
0406-1445,,Bevin,Linthead,Curator,
53808-0962,,Christalle,Allderidge,Curator,
0115-9533,,Vincenty,Jex,Curator,
56104-015,,Pamelina,Hucker,Curator,
54973-9138,,Leonardo,Daniely,Curator,
43498-102,,Kirsteni,Kidgell,Curator,
43074-111,,Chane,Theuff,Curator,
59535-9701,,Duff,Ackery,Curator,
36800-434,,Tilly,Ferentz,Curator,
11523-7204,,Bartholomew,Pereira,Curator,
68084-802,,Andros,McPeeters,Curator,
60505-3410,,Ines,Gann,Curator,
0113-0187,,Jonah,Mansell,Curator,
34666-050,,Roselia,Findley,Curator,
65121-993,,Gayle,Atcherley,Curator,
76472-1164,,Jonah,Hellin,Curator,
68001-239,,Benni,Carrol,Curator,
49349-010,,Efrem,Trehearn,Curator,
67234-020,,Raymund,Castane,Curator,
67112-101,,Filmore,Maylott,Curator,
62211-023,,Derwin,Courtney,Curator,
60429-347,,Gayleen,Gerriet,Curator,
55111-146,,Mord,Emanuelli,Curator,
54868-5219,,Kienan,Willars,Curator,
57237-009,,Georgie,Themann,Curator,
50563-161,,Irving,McMurty,Curator,
24208-585,,Adrea,Garvill,Curator,
21695-115,,Elysee,Padginton,Curator,
55714-4549,,Janeczka,D'Ambrogio,Curator,
57297-206,,Farlee,Woehler,Curator,
67544-464,,Tessy,Beverley,Curator,
51672-5277,,Papagena,Brunsden,Curator,
30142-802,,Brook,Graveney,Curator,
43063-490,,Torin,McLurg,Curator,
42254-049,,Marwin,Tamplin,Curator,
11118-3000,,Morgen,Kille,Curator,
53329-157,,Ambrosi,Kment,Curator,
55289-926,,Beverly,Bamlet,Curator,
45802-395,,Loleta,Beddie,Curator,
44717-536,,Bevan,Chater,Curator,
68084-592,,Humfrey,Jacobbe,Curator,
45963-811,,Noam,Sutherns,Curator,
33261-798,,Barron,Double,Curator,
52533-163,,Zabrina,Hastin,Curator,
58407-625,,Chadd,Bullers,Curator,
50021-061,,Cozmo,Kincla,Curator,
0615-1342,,Maire,McIlvaney,Curator,
68400-108,,Shelbi,Reide,Curator,
34690-6001,,Morganica,Laurencot,Curator,
25225-014,,Adore,Jaher,Curator,
0378-3953,,Prince,Riccioppo,Curator,
49035-519,,Ibbie,Lippett,Curator,
53329-167,,Aldon,Stanex,Curator,
61327-0015,,Freida,Patesel,Curator,
63629-4588,,Ranee,covino,Curator,
49348-971,,Ulrikaumeko,McNae,Curator,
49349-835,,Arte,Ughetti,Curator,
49288-0779,,Mommy,Curness,Curator,
64764-253,,Lil,Gilhouley,Curator,
64893-001,,Vincents,Pattenden,Curator,
36800-824,,Lynsey,Kingman,Curator,
0378-2100,,Isadore,Springate,Curator,
68258-5978,,Perkin,Diplock,Curator,
21130-326,,Hube,Coulton,Curator,
57627-123,,Willdon,Cranke,Curator,
10742-8236,,Gerti,Carrack,Curator,
49999-476,,Osgood,Feek,Curator,
0603-5927,,Shanda,Flucker,Curator,
50346-002,,Diahann,Larchier,Curator,
21695-008,,Felix,Weddup,Curator,
63629-1423,,Drucy,Loveard,Curator,
0409-7925,,Patrick,Ugo,Curator,
23359-100,,Sheelah,Abramovici,Curator,
0378-0185,,Thaddeus,Dickings,Curator,
24909-201,,Janeta,Sandyfirth,Curator,
55118-976,,Dew,Haycroft,Curator,
49999-574,,Catharina,Wroth,Curator,
54868-5346,,Charmaine,Jervoise,Curator,
13537-431,,Marchelle,Unger,Curator,
36987-2838,,Decca,Goodred,Curator,
0378-0053,,Leela,Korn,Curator,
59762-0156,,Fleming,Trussman,Curator,
54569-2483,,Brinna,Fancutt,Curator,
62802-208,,Evangelina,Huddart,Curator,
55910-024,,Stanleigh,Kennon,Curator,
68113-107,,Hamlin,Haberfield,Curator,
0555-0777,,Arnuad,Willshee,Curator,
66579-0018,,Reggie,Hallifax,Curator,
0591-3169,,Egbert,Odde,Curator,
51087-272,,Allin,Pruce,Curator,
50458-091,,Peterus,Johnsey,Curator,
0093-0892,,Godart,Kenningley,Curator,
55154-9553,,Woody,Paulton,Curator,
55301-007,,Clay,Korf,Curator,
35000-859,,Marja,Hathorn,Curator,
51285-084,,Katharine,Ferie,Curator,
0245-0223,,Adrien,Filov,Curator,
53645-1320,,Gallard,Antat,Curator,
59088-829,,Kellen,Paquet,Curator,
10237-702,,Anatollo,Giacoppo,Curator,
37808-437,,Clara,Rafter,Curator,
63739-495,,Jacquie,Dyka,Curator,
0268-6781,,Gusella,Byres,Curator,
68084-523,,Jocelyn,McGow,Curator,
57520-0501,,Irina,Crottagh,Curator,
49348-338,,Alfy,Spencer,Curator,
0378-1420,,Vonny,Verny,Curator,
0378-0781,,Sheela,Ronayne,Curator,
15751-2236,,Tabby,Cunniff,Curator,
58368-001,,Suellen,Hanington,Curator,
50844-249,,Jeane,Vaux,Curator,
41250-019,,Grethel,Yacob,Curator,
68788-9124,,Kalli,Truswell,Curator,
46028-208,,Naomi,Lucy,Curator,
57955-0815,,Leigh,Boutwell,Curator,
68703-004,,Mil,Scalera,Curator,
55154-3334,,Phineas,Athridge,Curator,
52125-202,,Dulcine,Carling,Curator,
54569-3341,,Morley,Lloyd-Williams,Curator,
11896-0019,,Harlene,Karsh,Curator,
11716-1192,,Juliette,Rickwood,Curator,
53489-281,,Carina,Brewitt,Curator,
41163-228,,Rea,Tuny,Curator,
17478-122,,Shanda,Coll,Curator,
67038-104,,Shelley,Aubert,Curator,
57520-0569,,Willy,Dahill,Curator,
49288-0115,,Angel,Haydock,Curator,
27437-208,,Bernette,Laroze,Curator,
43063-292,,Torin,Headington,Curator,
61062-0004,,Tallou,Swabey,Curator,
23155-017,,Emmott,Sealeaf,Curator,
63629-1233,,Idalina,Palin,Curator,
13811-664,,Georgena,Shepherdson,Curator,
43275-120,,Carolan,Anthiftle,Curator,
47918-004,,Ellwood,Claridge,Curator,
64778-0494,,Cybil,Jacquemet,Curator,
35356-258,,Henrie,Echelle,Curator,
43063-378,,Micheil,Eagleton,Curator,
49643-020,,Sara,Fosse,Curator,
54458-914,,Marlie,Dikelin,Curator,
75921-190,,Cobb,Fentem,Curator,
52125-794,,Iggie,Purkess,Curator,
0039-0223,,Roda,Heintz,Curator,
61995-2390,,Craggie,Braund,Curator,
41250-175,,Gabriello,Poser,Curator,
52605-123,,Sheela,Quene,Curator,
63941-945,,Karina,Bailes,Curator,
15127-370,,Marve,Mainz,Curator,
10356-845,,Casandra,Matlock,Curator,
50563-400,,Karilynn,Cray,Curator,
68084-564,,Tybi,Nolda,Curator,
36987-1540,,Simon,MacMorland,Curator,
55154-5759,,Brunhilde,Beaze,Curator,
37012-733,,Lizzie,Cawdell,Curator,
52686-231,,Nadine,Dikles,Curator,
49288-0101,,Hendrick,Kayzer,Curator,
55154-5434,,Creighton,Holdey,Curator,
55319-213,,Halimeda,Ansley,Curator,
16590-977,,Veradis,Arrandale,Curator,
65044-0538,,Farley,Gyurko,Curator,
64725-4005,,Odo,Hunter,Curator,
43742-0207,,Zelig,Grzesiewicz,Curator,
76509-800,,Moreen,Wiggin,Curator,
49643-016,,Herman,Flack,Curator,
53859-001,,Lura,Heady,Curator,
68645-426,,Lonny,Martellini,Curator,
64942-1224,,Brew,Chase,Curator,
0178-0499,,Mile,Hiers,Curator,
36987-1413,,Imogen,Prescot,Curator,
53175-001,,Preston,Buddleigh,Curator,
55289-154,,Harcourt,Gives,Curator,
54868-3086,,Lilli,Sankey,Curator,
24488-026,,Zeb,Koubu,Curator,
0115-1031,,Hayyim,Sandeford,Curator,
66116-391,,Arri,Kauschke,Curator,
37808-244,,Heidie,Wessell,Curator,
10481-1050,,Abra,Melin,Curator,
59779-826,,Mendy,Filippi,Curator,
49884-605,,Vonny,Stoddart,Curator,
52125-226,,Demott,Macvain,Curator,
68682-995,,Bert,Bothbie,Curator,
57955-0023,,Dian,Lloyd-Williams,Curator,
54868-5362,,Filmore,Haskey,Curator,
0904-5861,,Wadsworth,McPhater,Curator,
30142-231,,Carney,Perot,Curator,
57691-161,,Karlotte,Patershall,Curator,
53808-0349,,Hynda,Graddon,Curator,
59726-720,,Lester,Keymer,Curator,
54868-6153,,Cody,Poinsett,Curator,
37205-308,,Minnnie,Lount,Curator,
55154-5094,,Alex,Hulland,Curator,
0406-5755,,Gabbie,Pillinger,Curator,
67046-906,,Colver,Riggert,Curator,
66336-393,,Hallie,Deniseau,Curator,
64117-888,,Felicdad,Ingerman,Curator,
58575-170,,Diandra,Muckle,Curator,
0591-3611,,Meggie,Duddle,Curator,
75987-031,,Graig,Najera,Curator,
10702-017,,Jae,Casaccia,Curator,
52125-395,,Marylinda,Domenc,Curator,
0074-3062,,Olimpia,Pibsworth,Curator,
46122-043,,Blakelee,Philipp,Curator,
55289-090,,Hesther,Smithin,Curator,
0519-1171,,Helaina,Andrini,Curator,
63629-1855,,Sherlock,Mines,Curator,
59078-018,,Dorita,Staff,Curator,
67457-190,,Almeria,Woolcocks,Curator,
55154-7808,,Nonna,Husk,Curator,
50666-008,,Glennis,Yakovlev,Curator,
57804-1020,,Jemima,Mitchelmore,Curator,
57344-150,,Devina,Peery,Curator,
0363-5270,,Gretal,Lattie,Curator,
13537-451,,Dean,Mosedill,Curator,
49349-635,,Harmon,Mouton,Curator,
49614-473,,Madel,Derkes,Curator,
37205-459,,Meridith,Gradwell,Curator,
0603-7038,,Gilburt,Willarton,Curator,
61481-0660,,Remus,Pearton,Curator,
55154-3486,,Lowell,Eykel,Curator,
54569-6336,,Alvie,Skerman,Curator,
65044-2051,,Mehetabel,Verryan,Curator,
52125-888,,Josiah,Cundict,Curator,
54569-2933,,Cheslie,Zavattieri,Curator,
52584-213,,Cicily,Juszkiewicz,Curator,
62011-0191,,Tobey,Sefton,Curator,
54868-0252,,Ron,Khidr,Curator,
57520-0427,,Valida,Card,Curator,
57520-0064,,Ulick,Slate,Curator,
50804-480,,Haskell,Gaythor,Curator,
0409-2552,,Pancho,Lathbury,Curator,
22840-0037,,Diandra,Hartles,Curator,
41190-622,,Antonia,Wippermann,Curator,
0268-6700,,Lennard,Bridie,Curator,
57664-646,,Mireille,Wollacott,Curator,
57520-0203,,Roselia,Couchman,Curator,
54868-5687,,Elaine,Burfield,Curator,
0268-6208,,Danyelle,Locke,Curator,
11410-125,,Willdon,Bage,Curator,
0781-5345,,Alfons,Langstrath,Curator,
51285-445,,Hugues,Hryskiewicz,Curator,
50523-739,,Cloris,Tomik,Curator,
43419-374,,Phillie,Lanfranchi,Curator,
51660-127,,Janka,Heaysman,Curator,
36987-2303,,Hazlett,Barneveld,Curator,
43063-362,,Judah,Giraths,Curator,
24236-341,,Melisse,Mant,Curator,
68788-9375,,Virgilio,Laugier,Curator,
49348-472,,Ogden,Swyne,Curator,
24202-002,,Aindrea,Brownrigg,Curator,
49288-0904,,Dario,Ojeda,Curator,
64117-225,,Shelby,Oak,Curator,
53329-062,,Edsel,Sharply,Curator,
44946-1016,,Upton,Reichardt,Curator,
0597-0122,,Hall,Giorgio,Curator,
35000-608,,Jaquenetta,Joice,Curator,
0093-7474,,Bengt,Greaser,Curator,
16590-618,,Nessa,Nation,Curator,
21695-635,,Boony,Drought,Curator,
57469-055,,Aloin,Crosier,Curator,
57520-0609,,Aprilette,Thayre,Curator,
68428-155,,Randie,Shakesby,Curator,
48951-3165,,Tobin,Neal,Curator,
0280-4035,,Sutherland,Beste,Curator,
34666-141,,Loutitia,Furlong,Curator,
55566-8303,,Aurel,Musgrove,Curator,
70253-392,,Wally,Rickardsson,Curator,
64117-267,,Ike,Sexcey,Curator,
0615-5573,,Paola,Giampietro,Curator,
51850-001,,Pammy,Wathall,Curator,
16590-209,,Chantalle,Bransgrove,Curator,
42248-108,,Dolly,McMickan,Curator,
31722-422,,Geoffrey,Ullyott,Curator,
65585-375,,Ali,Muddle,Curator,
36987-3240,,Madelle,Adolphine,Curator,
0113-0340,,Kristofer,Gentiry,Chief Curator,
76250-110,,Merle,Gwinnett,Chief Curator,
51079-888,,Vance,Pittel,Chief Curator,
49999-003,,Flynn,Dredge,Chief Curator,
54569-1218,,Odell,Surguine,Chief Curator,
49035-546,,Wye,Cradey,Chief Curator,
68387-456,,Bone,Martine,Chief Curator,
52959-054,,Krishnah,Lithcow,Chief Curator,
0113-0299,,Mab,Naerup,Chief Curator,
65862-443,,Isiahi,Reddington,Chief Curator,
36987-1470,,Colver,Moraleda,Chief Curator,
0363-5336,,Gunilla,Risdale,Chief Curator,
55513-023,,Wren,Cattini,Chief Curator,
63629-1588,,Jodi,Gunning,Chief Curator,
49738-603,,Olvan,Klimkowski,Chief Curator,
65373-100,,Xylina,Anlay,Chief Curator,
76369-2001,,Humbert,Carbery,Chief Curator,
10544-105,,Halley,Umbers,Chief Curator,
76354-005,,Bartram,Plevin,Chief Curator,
50383-087,,Mario,Arnoult,Chief Curator,
59535-1601,,Randy,Hamelyn,Chief Curator,
67253-940,,Zaccaria,McGarrell,Chief Curator,
0574-0250,,Albie,Debold,Chief Curator,
59630-115,,Ludovico,Alsford,Chief Curator,
43538-910,,Hadrian,Braund,Chief Curator,
59899-004,,Emlyn,Clampett,Chief Curator,
49348-634,,Filmer,Swapp,Chief Curator,
57237-042,,Allsun,Norster,Chief Curator,
50241-014,,Conny,Ottley,Chief Curator,
0703-4075,,Farica,Cherm,Chief Curator,
44019-001,,Rey,Iacivelli,Chief Curator,
65044-9954,,Ranice,Keetch,Chief Curator,
64942-1183,,Kellsie,Jirik,Chief Curator,
33261-001,,Wilhelmine,Nevison,Chief Curator,
15310-110,,Fairlie,Goulbourn,Chief Curator,
0268-1030,,Ondrea,Kitley,Chief Curator,
55714-2256,,Wit,Barock,Chief Curator,
10237-903,,Becca,Nibley,Chief Curator,
57826-460,,Sharyl,Altree,Chief Curator,
52685-303,,Timofei,Coulton,Chief Curator,
41250-603,,Sephira,Mordacai,Chief Curator,
0591-5325,,Nissie,Durrett,Chief Curator,
68788-9834,,Reena,Worpole,Chief Curator,
67457-473,,Chaim,Cranstone,Chief Curator,
54868-0845,,Anny,Danilovich,Chief Curator,
0591-2468,,Meggie,Lindeberg,Chief Curator,
54340-798,,Desmond,Bawle,Chief Curator,
0615-3588,,Lew,Klugman,Chief Curator,
54575-201,,Shelli,By,Chief Curator,
41250-112,,Cherilyn,Jeenes,Chief Curator,
0093-7382,,Christoffer,Uccelli,Chief Curator,
68151-2506,,Estella,Wattinham,Chief Curator,
68788-9178,,Iago,Fevers,Chief Curator,
49288-0733,,Elsbeth,Bryan,Chief Curator,
51672-1295,,Alessandra,Ceschi,Chief Curator,
57910-405,,Leia,Finker,Chief Curator,
29860-209,,Kristi,Tremaine,Chief Curator,
44237-015,,Lucho,Muck,Chief Curator,
49288-0227,,Tally,Biever,Chief Curator,
63304-097,,Clark,Pantecost,Chief Curator,
0245-0014,,Haskell,Probey,Chief Curator,
45802-064,,Bear,Stollberger,Chief Curator,
35356-605,,Sascha,Yakob,Chief Curator,
60899-020,,Layne,Grimwad,Chief Curator,
52125-258,,Cora,Leupold,Chief Curator,
0363-0802,,Thomasina,Becom,Chief Curator,
0363-0572,,Fernando,Heinert,Chief Curator,
51442-543,,Devlen,Taylor,Chief Curator,
55253-277,,Brandais,Tudhope,Chief Curator,
68727-100,,Gustavus,Mossop,Chief Curator,
65841-099,,Jesselyn,Philipsson,Chief Curator,
65162-835,,Eric,Binnion,Chief Curator,
65044-1858,,Rollin,Rowbury,Chief Curator,
64127-155,,Anne,Grevatt,Chief Curator,
68210-1480,,Lynnea,Burborough,Chief Curator,
63833-616,,Vikky,Hammarberg,Chief Curator,
0904-5929,,Jonathan,Tembridge,Chief Curator,
0517-0101,,April,Lownds,Chief Curator,
0527-1370,,Layton,Chominski,Chief Curator,
0555-1057,,Roxanne,Owain,Chief Curator,
43857-0314,,Shelby,Hewertson,Chief Curator,
42508-139,,Andreas,Pelos,Chief Curator,
11822-0560,,Kingsley,Phidgin,Chief Curator,
36987-1031,,Nolana,Scotchbourouge,Chief Curator,
66336-316,,Cosmo,Mandres,Chief Curator,
49884-321,,Vidovic,Mourbey,Chief Curator,
57627-102,,Farica,Ubsdell,Chief Curator,
58666-3121,,Luce,Saller,Chief Curator,
76045-005,,Merci,Leakner,Chief Curator,
63629-2833,,Allister,Blain,Chief Curator,
0536-0122,,Lotti,Jirzik,Chief Curator,
0113-0302,,Marlee,Oaker,Chief Curator,
58118-0163,,Genovera,Paulich,Chief Curator,
65162-762,,Monte,Caneo,Chief Curator,
0378-6167,,Noelle,Phipard-Shears,Chief Curator,
58668-6120,,Aigneis,Donnan,Chief Curator,
76049-001,,Chlo,Garrique,Chief Curator,
0268-0866,,Karole,Twidale,Chief Curator,
42747-226,,Karisa,Tuminelli,Chief Curator,
54162-269,,Darlene,Bestiman,Chief Curator,
30142-112,,Belicia,Blackman,Chief Curator,
42507-801,,Otto,Dockrell,Chief Curator,
62756-523,,Curtis,Prin,Chief Curator,
0904-5736,,Luz,Kee,Chief Curator,
0456-4010,,Deerdre,Fabler,Chief Curator,
44087-8090,,Clive,Larraway,Chief Curator,
49035-214,,Charmine,Nelthorpe,Chief Curator,
37012-094,,Astrid,Gladhill,Chief Curator,
64764-125,,Sheila,Choppen,Chief Curator,
0548-3015,,Kele,Neve,Chief Curator,
0409-1782,,Rock,Lung,Chief Curator,
0078-0367,,Ara,Montrose,Chief Curator,
42002-202,,Bernadina,Enrigo,Chief Curator,
55316-396,,Dwight,Trow,Chief Curator,
51477-001,,Ondrea,Billitteri,Chief Curator,
0187-2614,,Salomon,Prise,Chief Curator,
33992-0453,,Aksel,Topping,Chief Curator,
46122-142,,Griff,Gresch,Chief Curator,
0071-1016,,Horace,Zammitt,Chief Curator,
21695-870,,Yvette,Orys,Chief Curator,
54868-5625,,Celle,Hymer,Chief Curator,
76282-422,,Gaelan,Tipens,Chief Curator,
49349-058,,Leisha,Headly,Chief Curator,
43742-0396,,Teddie,Mochar,Chief Curator,
63029-444,,Meriel,Phillis,Chief Curator,
0220-9342,,Garret,Abazi,Chief Curator,
49288-0403,,Jakie,Tootell,Chief Curator,
42546-010,,Kristel,Glew,Chief Curator,
42291-721,,Jacquelin,Hayer,Chief Curator,
49781-061,,Ethan,Spoward,Chief Curator,
59779-614,,Ange,Belcham,Chief Curator,
52533-051,,Jen,O'Lyhane,Chief Curator,
36987-2278,,Maurizia,Radeliffe,Chief Curator,
54641-006,,Gallard,Pitherick,Chief Curator,
0603-4485,,Doll,Simoni,Chief Curator,
52533-169,,Catlin,Rankmore,Chief Curator,
37012-059,,Daffie,Ritchie,Chief Curator,
55154-4513,,Galven,Tommei,Chief Curator,
0007-4885,,Marcia,Fried,Chief Curator,
51625-001,,Tristam,Gravatt,Chief Curator,
51660-492,,Worthy,Jikovsky,Chief Curator,
11822-4202,,Viviyan,Yakovitch,Chief Curator,
58411-130,,Lek,Sibson,Chief Curator,
54868-5208,,Dorise,Leftwich,Chief Curator,
65841-664,,Corette,Gogan,Chief Curator,
51991-333,,Carver,Lawlie,Chief Curator,
0179-0068,,Baldwin,Doodson,Chief Curator,
64159-6993,,Siouxie,Shutler,Chief Curator,
57955-8345,,Dewey,Darinton,Chief Curator,
65517-0016,,Skell,Hobgen,Chief Curator,
61919-464,,Ad,Handslip,Chief Curator,
41163-521,,Dell,Guillart,Chief Curator,
50809-001,,Jolyn,Fossitt,Chief Curator,
0228-4417,,Karlis,McKoy,Chief Curator,
43066-150,,Yasmeen,Hemphill,Chief Curator,
13733-012,,Camala,Saipy,Chief Curator,
58232-0029,,Allyce,O'Brallaghan,Chief Curator,
63874-339,,Debbie,Lippitt,Chief Curator,
49348-689,,Burr,Kardos-Stowe,Chief Curator,
62011-0168,,Beatrice,Lorey,Chief Curator,
0069-3034,,Bernadene,Tatford,Chief Curator,
51991-192,,Marne,Nickless,Chief Curator,
63736-027,,Georg,Hebblethwaite,Chief Curator,
10337-153,,Fawn,Camies,Chief Curator,
37808-112,,Orland,Tenny,Chief Curator,
49781-051,,Inessa,Philipsohn,Chief Curator,
16590-052,,Loraine,Cody,Chief Curator,
29336-321,,Molly,Lesurf,Chief Curator,
0378-0018,,Irving,Biggar,Chief Curator,
58668-2911,,Leone,Arlett,Chief Curator,
35356-711,,Lorrin,Vivash,Chief Curator,
50474-400,,Padgett,Chatain,Chief Curator,
0168-0216,,Rosa,Beels,Chief Curator,
37205-241,,Benito,Burberry,Chief Curator,
68180-652,,Meridith,Pillans,Chief Curator,
36987-1512,,Munmro,Ferrone,Chief Curator,
11673-217,,Lilyan,Gilbert,Chief Curator,
0603-0842,,Tersina,McCurtain,Chief Curator,
50988-251,,Dyanna,Cousin,Chief Curator,
59535-6301,,Faber,Prandi,Chief Curator,
0409-2337,,Zachary,Kleinhaut,Chief Curator,
17575-004,,Erica,Suston,Chief Curator,
54643-5650,,Alic,Castano,Chief Curator,
49349-337,,Jayme,Bines,Chief Curator,
49288-0727,,Bobbye,Murrell,Chief Curator,
64942-1136,,Fremont,Delcastel,Chief Curator,
49571-002,,Ed,Hattam,Chief Curator,
41250-332,,Johnath,Ivshin,Chief Curator,
57520-0065,,May,MacGuigan,Chief Curator,
47335-737,,Salvatore,Pleuman,Chief Curator,
37205-952,,Silvana,Granger,Chief Curator,
51079-211,,Bar,Ketton,Chief Curator,
49348-572,,Nikolaus,Greatbatch,Chief Curator,
36800-567,,Hayley,Baude,Chief Curator,
46084-061,,Randene,Lackinton,Chief Curator,
41163-911,,Taddeusz,Dayce,Chief Curator,
43857-0165,,Kikelia,Mourant,Chief Curator,
53808-0762,,Hayyim,Bustard,Chief Curator,
76237-134,,Gertie,Maps,Chief Curator,
59779-459,,Serena,Sate,Chief Curator,
52125-269,,Chandler,Haccleton,Chief Curator,
63629-4284,,Cosmo,McCutheon,Chief Curator,
58411-173,,Ardella,Peddel,Chief Curator,
60429-343,,Emanuel,Windress,Chief Curator,
55910-688,,North,Meehan,Chief Curator,
52125-144,,Vinnie,Matzen,Chief Curator,
66715-9738,,Patrizius,Hartles,Chief Curator,
58232-0809,,Rosie,Mattock,Chief Curator,
51514-0318,,Klara,Gossington,Chief Curator,
53208-427,,Billie,Frend,Chief Curator,
50991-730,,Artus,Clarkin,Chief Curator,
0093-4067,,Frederik,Sheeres,Chief Curator,
57520-0271,,Minnaminnie,Hawkyens,Chief Curator,
60793-608,,Mommy,Rollin,Chief Curator,
0065-0411,,Larina,Salmons,Chief Curator,
49348-121,,Wenda,Tibbles,Chief Curator,
67877-242,,Sherline,Blackledge,Chief Curator,
61924-188,,Violette,Ander,Chief Curator,
21695-459,,Hedwiga,Swalwel,Chief Curator,
36800-999,,Giraud,Gile,Chief Curator,
27293-024,,Shem,Perago,Chief Curator,
37808-230,,Tabby,Lorent,Chief Curator,
42254-005,,Sarette,Liveley,Chief Curator,
50332-0105,,Brena,Mogford,Chief Curator,
98132-2131,,Anselm,Filan,Chief Curator,
61715-035,,Cash,Dootson,Chief Curator,
64376-813,,Zane,Solano,Chief Curator,
65044-3191,,Ilene,Sallows,Chief Curator,
47593-173,,Ramonda,Matuschek,Chief Curator,
46123-012,,Cynthea,Ruggiero,Chief Curator,
54575-107,,Milty,Caldero,Chief Curator,
52959-763,,Natassia,Gouldstraw,Chief Curator,
53622-001,,Arnold,Davidovici,Chief Curator,
42291-144,,Shawna,Roizin,Chief Curator,
63187-017,,Fields,Mc Caughen,Chief Curator,
11673-194,,Merrili,Cases,Chief Curator,
0536-3757,,Cly,Matula,Chief Curator,
41520-126,,Alric,Toler,Chief Curator,
66854-023,,Derry,Seniour,Chief Curator,
43598-412,,Karee,Ghiriardelli,Chief Curator,
11822-0400,,Bengt,Le Pine,Chief Curator,
41163-922,,Lyndy,Doddemeade,Chief Curator,
37012-099,,Bourke,Merington,Chief Curator,
68405-298,,Lorry,Shervil,Chief Curator,
0574-0250,,Davidde,Titmus,Chief Curator,
35356-770,,Padraic,Somerset,Chief Curator,
52533-116,,Colline,Simoneschi,Chief Curator,
36987-3387,,Camala,Fromont,Chief Curator,
48951-1122,,Lalo,Yeoman,Chief Curator,
0904-5751,,Jillene,Dampney,Chief Curator,
27293-029,,Elyn,Leuren,Chief Curator,
55648-411,,Mae,Robertucci,Chief Curator,
69017-205,,Tiffi,Storie,Chief Curator,
51862-215,,Gustavo,Pottery,Chief Curator,
59779-201,,Ferrell,Forrest,Chief Curator,
64679-927,,Maurizio,Cripin,Chief Curator,
48951-9176,,Koenraad,Crannach,Chief Curator,
63323-259,,Gothart,Tregenna,Chief Curator,
55154-7703,,Barclay,Dilston,Chief Curator,
0832-1072,,Renato,Capeling,Chief Curator,
37000-812,,Dan,Pitherick,Chief Curator,
41163-159,,Aubine,MacGraith,Chief Curator,
36800-189,,Fenelia,Devanny,Chief Curator,
30142-054,,Romain,Greasley,Chief Curator,
68084-047,,Fulvia,McClinton,Chief Curator,
62362-129,,Perren,Cowlishaw,Chief Curator,
65162-033,,Lee,Mityukov,Chief Curator,
24623-048,,Chad,Kingsnorth,Chief Curator,
33992-1417,,Marlow,Carnalan,Chief Curator,
17630-2016,,Gerardo,Wathan,Chief Curator,
36987-1007,,Mercy,Spurnier,Chief Curator,
36987-2157,,Antonin,Pottberry,Chief Curator,
50112-515,,Alvinia,Ettridge,Chief Curator,
41520-474,,Trever,Hambright,Chief Curator,
14783-301,,Torrey,Bennitt,Chief Curator,
68084-208,,Kirbie,Harling,Chief Curator,
11523-7309,,Vania,Mungan,Chief Curator,
52959-897,,Gerrie,Linde,Chief Curator,
68382-793,,Fran,Serle,Chief Curator,
42254-331,,Roanne,Moiser,Chief Curator,
43857-0220,,Margy,Holhouse,Chief Curator,
54868-5397,,Christabella,Healey,Chief Curator,
49288-0413,,Aridatha,Stranaghan,Chief Curator,
31586-2683,,Fleurette,Origin,Chief Curator,
67046-156,,Lizzie,Damper,Chief Curator,
52125-816,,Rees,Duchatel,Chief Curator,
57344-171,,Conant,Abbatt,Chief Curator,
35356-710,,Barnaby,Roloff,Chief Curator,
59726-021,,Stanly,Youings,Chief Curator,
56062-271,,Thea,Domanek,Chief Curator,
52083-237,,Joyann,Teers,Chief Curator,
33261-112,,Ava,De Domenicis,Chief Curator,
63323-402,,Fayth,Dundon,Chief Curator,
0031-8719,,Jeannette,Garioch,Chief Curator,
61657-0001,,Clementius,Whitchurch,Chief Curator,
58232-0645,,Boycie,Aveyard,Chief Curator,
65954-553,,Imogen,Bessent,Chief Curator,
21695-041,,Flory,Katz,Chief Curator,
65044-1632,,Tallulah,Gourley,Chief Curator,
36987-2212,,Monica,Nellies,Chief Curator,
59762-8399,,Patrick,Magson,Chief Curator,
0113-0052,,Ricca,Robshaw,Chief Curator,
60505-0113,,Ahmed,Adlem,Chief Curator,
51346-118,,Nealy,Biskup,Chief Curator,
59779-557,,Tam,Banes,Chief Curator,
63304-591,,Jaquenetta,Gaize,Chief Curator,
67544-306,,Lind,Hulson,Chief Curator,
13537-307,,Shadow,Peabody,Chief Curator,
48951-8041,,Sarina,Fieller,Chief Curator,
58411-207,,Elmore,Claybourne,Chief Curator,
36800-248,,Dora,Allanson,Chief Curator,
61924-234,,Muhammad,Siggin,Chief Curator,
64725-5400,,Aubrey,Newdick,Chief Curator,
59262-362,,Ana,Thurborn,Chief Curator,
0178-0370,,Karly,O'Feeny,Chief Curator,
36987-3115,,Niki,Pregel,Chief Curator,
42627-263,,Ruttger,McWhan,Chief Curator,
0378-4518,,Minette,Cherry,Chief Curator,
57910-300,,Lisetta,MacDonell,Chief Curator,
49348-337,,Lida,McPhater,Chief Curator,
36987-3112,,Reena,Simmank,Chief Curator,
16781-375,,Claire,Attree,Chief Curator,
0264-7750,,Lewie,Pache,Chief Curator,
49349-246,,Ivan,Caccavale,Chief Curator,
58118-0169,,Delora,Bakhrushkin,Chief Curator,
54868-4751,,Larry,MacConneely,Chief Curator,
24909-110,,Tiff,Mully,Chief Curator,
55910-305,,Bert,Wardlaw,Chief Curator,
36987-2507,,Talia,Handes,Chief Curator,
63629-4695,,Mateo,Chitson,Chief Curator,
0378-0372,,Vernon,Kittman,Chief Curator,
75957-002,,Carleen,Dunsmuir,Chief Curator,
0135-0090,,Gordie,Lappine,Chief Curator,
37000-273,,Brian,Berkeley,Chief Curator,
54272-102,,Quintina,Preon,Chief Curator,
65857-500,,Bryana,Teissier,Chief Curator,
0268-1069,,Lyle,Coburn,Chief Curator,
45802-939,,Leif,Scardifield,Chief Curator,
76420-450,,Teriann,Gaymer,Chief Curator,
36987-3055,,Nessy,Catteroll,Chief Curator,
59762-1810,,Lenore,Bliben,Chief Curator,
49288-9934,,Antonio,Sieb,Chief Curator,
51270-118,,Aurora,Juckes,Chief Curator,
0268-1378,,Marj,Mengue,Chief Curator,
51263-3185,,Karoly,Tomblett,Chief Curator,
35192-002,,Corbie,Dovington,Chief Curator,
0168-0246,,Mill,Dundredge,Chief Curator,
55289-581,,Butch,Arlott,Chief Curator,
49349-478,,Yul,Shoulders,Chief Curator,
59970-077,,Tailor,Soal,Chief Curator,
60258-866,,Axel,Jarmain,Chief Curator,
65585-503,,Koo,Gantz,Chief Curator,
58980-504,,Gardiner,Frewer,Chief Curator,
54868-6289,,Talbot,Lewcock,Chief Curator,
55910-396,,Dot,Beavon,Chief Curator,
66975-357,,Madge,Giorgietto,Chief Curator,
50436-6375,,Rutger,Nickols,Chief Curator,
64117-261,,Briant,Port,Chief Curator,
15127-140,,Morie,Risson,Chief Curator,
43378-125,,Bette-ann,McGlade,Chief Curator,
58232-0517,,Chaim,McBrady,Chief Curator,
63304-580,,Adora,Kembery,Chief Curator,
37205-341,,Fawnia,Cheesley,Chief Curator,
13734-125,,Hatty,Okenden,Chief Curator,
0075-0623,,Judy,Minett,Chief Curator,
55111-626,,Reade,Bissatt,Chief Curator,
50268-306,,Joline,Cottier,Chief Curator,
54340-006,,Smith,MacMarcuis,Chief Curator,
66414-001,,Brooks,Knowlton,Chief Curator,
0143-9775,,Tiffanie,Lodevick,Chief Curator,
60681-3602,,Nonnah,Rutter,Chief Curator,
36987-1863,,Carmella,Chatband,Chief Curator,
62011-0001,,Tybi,Lubomirski,Chief Curator,
62789-0001,,Claudine,Dainter,Chief Curator,
41250-620,,Nero,Ibanez,Chief Curator,
49999-985,,Eugenius,Gianulli,Chief Curator,
57955-5205,,Julianne,Sallenger,Chief Curator,
50114-2282,,Inessa,Ainsbury,Chief Curator,
21749-801,,Lyndsie,Muggleton,Chief Curator,
65601-757,,Errick,Iohananof,Chief Curator,
65862-549,,Annora,Tollet,Chief Curator,
36987-3089,,Keary,Sidebotham,Chief Curator,
16590-636,,Hymie,Fletcher,Chief Curator,
49349-339,,Taber,Peacock,Chief Curator,
51141-3000,,Bendick,McLucas,Chief Curator,
65044-3116,,Pascal,Wahner,Chief Curator,
64058-147,,Charlean,Monkton,Chief Curator,
49035-522,,Tamqrah,Mandeville,Chief Curator,
50730-4402,,Madalena,Twine,Chief Curator,
55312-181,,Vinson,Penn,Chief Curator,
68382-651,,Wandis,Campanelle,Chief Curator,
59779-341,,Raynor,Canti,Chief Curator,
0299-3838,,Jacky,Waddicor,Chief Curator,
0781-3182,,Sile,Maryan,Chief Curator,
0228-2073,,Mirilla,Duerden,Chief Curator,
60289-031,,Rory,McKeaney,Chief Curator,
68472-127,,Shandie,Raitie,Chief Curator,
59262-600,,Paulette,Snellman,Chief Curator,
60505-0248,,Uriah,Scutter,Chief Curator,
64141-111,,Quinn,Foale,Chief Curator,
68685-0001,,Helen-elizabeth,Cobley,Chief Curator,
63174-214,,Terry,Bentinck,Chief Curator,
0054-0545,,Sacha,Battell,Chief Curator,
37205-756,,Marrissa,Battyll,Chief Curator,
18018-503,,Reece,Coddrington,Chief Curator,
60429-185,,Krystyna,Torricina,Chief Curator,
54838-138,,Woodrow,Janson,Chief Curator,
0268-6757,,Gertrud,Thunnercliff,Chief Curator,
21695-484,,Bonnee,Domniney,Chief Curator,
0615-3593,,Consuelo,Hatherley,Chief Curator,
54458-968,,Irv,Jeschner,Chief Curator,
37000-701,,Ellyn,Minigo,Chief Curator,
10671-010,,Norrie,Cadigan,Chief Curator,
0615-7514,,Edyth,Howles,Chief Curator,
50021-243,,Christian,Horney,Chief Curator,
52125-352,,Kacy,Caesman,Chief Curator,
49288-0745,,Casie,Mackrell,Chief Curator,
0338-0411,,Crosby,Heeney,Chief Curator,
68428-105,,Killian,Franchioni,Chief Curator,
63868-047,,Hastie,Manderson,Chief Curator,
49349-098,,Jinny,Mayzes,Chief Curator,
52125-379,,Donella,Narducci,Chief Curator,
13668-115,,Gorden,Navarijo,Chief Curator,
43063-059,,Glennie,Bunson,Chief Curator,
60793-602,,Dorella,Moxsom,Chief Curator,
0562-7805,,Glen,Grasha,Chief Curator,
60758-773,,Yovonnda,Filippucci,Chief Curator,
52125-739,,Nathanil,Reckless,Chief Curator,
68428-028,,Tera,Guislin,Chief Curator,
36987-2950,,Cheslie,Heigho,Chief Curator,
49348-329,,Quintus,Dyball,Chief Curator,
11559-746,,Odelinda,Hazeldene,Chief Curator,
23155-136,,Des,Cornely,Chief Curator,
52125-258,,Howey,Chetwind,Chief Curator,
63323-013,,Sapphire,Foggo,Chief Curator,
49288-0703,,Madella,Benallack,Chief Curator,
43269-868,,Coral,Oret,Chief Curator,
0713-0223,,Leia,Berthel,Chief Curator,
34666-131,,Colette,Norway,Chief Curator,
16714-393,,Etan,Castaner,Chief Curator,
10812-952,,Earlie,Bannester,Chief Curator,
68788-9701,,Audrye,Holgan,Chief Curator,
52125-202,,Claudell,Coule,Chief Curator,
49349-107,,Cinnamon,Brockherst,Chief Curator,
17856-5309,,Avril,Cater,Chief Curator,
50474-806,,Filippo,Davidow,Chief Curator,
41520-472,,Desdemona,Poolman,Chief Curator,
0228-3063,,Bonnie,Tremblett,Chief Curator,
76237-152,,Paula,Maybey,Chief Curator,
0259-1610,,Toma,Ireson,Chief Curator,
49035-006,,Frederico,Skippon,Chief Curator,
68084-765,,Phaidra,Tome,Chief Curator,
0781-9222,,Krissy,Dell 'Orto,Chief Curator,
33342-074,,Binny,Casarili,Chief Curator,
0781-3220,,Bevin,Brewitt,Chief Curator,
52083-289,,Cindelyn,Yakolev,Chief Curator,
52731-7007,,Whitney,O'Cannavan,Chief Curator,
50685-004,,Lucinda,Abrahamsen,Chief Curator,
14550-519,,Elita,Catcherside,Chief Curator,
16590-113,,Dmitri,Fosdike,Chief Curator,
45985-646,,Tilda,Wynett,Chief Curator,
0591-2520,,Karine,Bellini,Chief Curator,
43305-1030,,Felita,Yeomans,Chief Curator,
58789-003,,Javier,Sentinella,Chief Curator,
10812-532,,Cosette,Kubacek,Chief Curator,
49035-113,,Stacey,Wadge,Chief Curator,
41520-201,,Minta,Sherborne,Chief Curator,
63824-281,,Kathye,Ascough,Chief Curator,
30142-050,,Donny,Ashlin,Chief Curator,
49738-198,,Roderigo,Treppas,Chief Curator,
35356-821,,Lizzie,Zorzi,Chief Curator,
11994-090,,Kore,Demicoli,Chief Curator,
53943-602,,Clareta,Pietrzak,Chief Curator,
67773-001,,Trixi,Silverlock,Chief Curator,
68180-467,,Coral,Babcock,Chief Curator,
57955-0420,,Jessika,Rubenovic,Chief Curator,
55312-612,,Ciel,Borsnall,Chief Curator,
63629-2958,,Teodoro,Bahike,Chief Curator,
53208-545,,Eb,Knowler,Chief Curator,
49288-0912,,Matthiew,Cheshire,Chief Curator,
75987-022,,Shirline,Ghidoni,Chief Curator,
37012-199,,Nani,Jemmison,Chief Curator,
37000-821,,Germain,Vautin,Chief Curator,
41163-560,,Whitby,Seleway,Chief Curator,
0264-3153,,Willie,Bowness,Chief Curator,
55910-922,,Tymothy,Lilburn,Chief Curator,
11523-7310,,Austin,Pettiford,Chief Curator,
33261-085,,Stearn,Paolino,Chief Curator,
55910-150,,Biddy,Seatter,Chief Curator,
67777-231,,Gerrard,Westman,Chief Curator,
58668-6180,,Byrom,Willars,Chief Curator,
68084-005,,Harli,D'Antonio,Chief Curator,
36987-2246,,Patton,Suarez,Chief Curator,
68387-600,,Dov,Blakden,Chief Curator,
36987-3131,,Shayna,Gantzman,Chief Curator,
10019-905,,Ichabod,Gilbeart,Chief Curator,
49738-340,,Alanna,Tinner,Chief Curator,
30142-919,,Titos,Hansberry,Chief Curator,
0944-4351,,Briny,Calveley,Chief Curator,
63629-4776,,Georgetta,Kenwrick,Chief Curator,
36987-2178,,Darell,Pedican,Chief Curator,
58411-231,,Dorri,Major,Chief Curator,
45802-572,,Frazier,Sanger,Chief Curator,
53942-503,,Rhea,Eudall,Chief Curator,
68647-131,,Marice,Routley,Chief Curator,
55946-701,,Costa,Lindwall,Chief Curator,
59535-1091,,Ingrim,Terbeck,Chief Curator,
52533-006,,Frayda,Bickerdicke,Chief Curator,
13533-604,,Tillie,Charteris,Chief Curator,
49288-0186,,Carlen,Miliffe,Chief Curator,
52533-056,,Pierson,Bussey,Chief Curator,
13537-415,,Minnie,Boyen,Chief Curator,
57955-2030,,Petrina,MacAulay,Chief Curator,
62257-607,,Humbert,Casina,Chief Curator,
33992-7995,,Abbe,Gailor,Chief Curator,
41163-437,,Rodd,Lantiff,Chief Curator,
55910-809,,Raimund,Stegers,Chief Curator,
0006-0573,,Faunie,Odell,Chief Curator,
24385-065,,Shelton,de Nore,Chief Curator,
21130-312,,Orazio,Marler,Chief Curator,
49288-0157,,Crawford,Grzelak,Chief Curator,
54868-5170,,Silvie,Glendinning,Chief Curator,
49348-529,,Mallory,Bradock,Chief Curator,
12213-730,,Wayne,Matura,Chief Curator,
53603-2005,,Michail,Bartles,Chief Curator,
64679-949,,Christabel,Pittson,Chief Curator,
12546-151,,Leesa,Hew,Chief Curator,
61594-001,,Arty,Raigatt,Chief Curator,
0409-6651,,Igor,Towers,Chief Curator,
23155-071,,Miguela,Hobben,Chief Curator,
49781-063,,Kirstin,McBain,Chief Curator,
68001-132,,Gregorio,Reek,Chief Curator,
41250-580,,Leela,Shadrach,Chief Curator,
36987-3411,,Cathe,Mogenot,Chief Curator,
0498-0160,,Baldwin,Folini,Chief Curator,
37000-091,,Leonerd,Benduhn,Chief Curator,
49999-106,,Meghann,Haisell,Chief Curator,
0615-5575,,Sayres,Girodier,Chief Curator,
65954-064,,Etienne,Cowperthwaite,Chief Curator,
43742-0300,,Cherianne,Cromarty,Chief Curator,
64980-157,,Marigold,Searsby,Chief Curator,
36987-1142,,Cynthy,Turfus,Chief Curator,
0378-1101,,Frederich,Whapples,Chief Curator,
49999-002,,Tine,Tyers,Chief Curator,
60429-040,,Lilli,Klich,Chief Curator,
48951-1230,,Willis,Grevel,Chief Curator,
60505-0135,,Amery,Purry,Chief Curator,
49967-795,,Bartholomew,Benediktovich,Chief Curator,
58892-318,,Rosalind,MacNess,Chief Curator,
42507-742,,Dierdre,Krebs,Chief Curator,
51346-094,,Thorny,Janjusevic,Chief Curator,
36800-306,,Lainey,Semple,Chief Curator,
57664-114,,Terza,Haddock,Chief Curator,
41520-410,,Sammie,Camsey,Chief Curator,
0781-1966,,Beck,Cosin,Chief Curator,
50114-0114,,Letitia,Ghelardoni,Chief Curator,
45802-980,,Carl,Orritt,Chief Curator,
61958-0406,,Timmy,Vaines,Chief Curator,
66336-074,,Phillipe,Carlick,Chief Curator,
0498-0201,,Umeko,McDonogh,Chief Curator,
49825-120,,Tallie,Cornall,Chief Curator,
10073-002,,Electra,Davenhall,Chief Curator,
0067-2053,,Cesaro,Chappelle,Chief Curator,
63148-558,,Shepperd,Mersh,Chief Curator,
21695-169,,Janetta,Domegan,Chief Curator,
11822-9860,,Clarke,MacCombe,Chief Curator,
0185-7100,,Cyrill,Oneil,Chief Curator,
10158-985,,Rowe,Petkov,Chief Curator,
36987-3311,,Eduard,Riditch,Chief Curator,
59535-1901,,Giffie,Anglish,Chief Curator,
66685-1012,,Alvis,Starr,Chief Curator,
28107-008,,Adlai,Lingley,Chief Curator,
69020-203,,Worth,Bendtsen,Chief Curator,
0363-3420,,Cinnamon,Easey,Chief Curator,
55315-560,,Rahel,Twidale,Chief Curator,
0781-1961,,Ahmad,Furtado,Chief Curator,
64942-1299,,Addy,Rayburn,Chief Curator,
51079-539,,Murry,Rickhuss,Chief Curator,
67253-901,,Jacobo,Gricewood,Chief Curator,
11822-0250,,Issiah,Lovelock,Chief Curator,
0268-0275,,Perrine,McLaine,Chief Curator,
76354-010,,Theresina,Docwra,Chief Curator,
53807-405,,Letta,Roffe,Chief Curator,
0049-3170,,Erhard,Standering,Chief Curator,
33261-085,,Merrielle,Ellershaw,Chief Curator,
55504-9002,,Nance,Harriott,Chief Curator,
0078-0425,,Linc,Liggens,Chief Curator,
57344-152,,Viola,Flaxman,Chief Curator,
65044-6590,,Noach,Milazzo,Chief Curator,
50419-863,,Luther,Jeannenet,Chief Curator,
50048-012,,Letta,Paddison,Chief Curator,
0615-7692,,Barthel,Pouck,Chief Curator,
61314-355,,Astra,Langsbury,Chief Curator,
0268-0718,,Orville,Groves,Chief Curator,
55319-263,,Noel,Yuille,Chief Curator,
0409-2587,,Flor,Girvin,Chief Curator,
52654-0002,,Heida,Bitterton,Chief Curator,
36987-1105,,Amelina,Picker,Chief Curator,
64125-134,,Fred,McAlarney,Chief Curator,
25543-005,,Galvin,Oles,Chief Curator,
57349-913,,Mandy,Duker,Chief Curator,
49884-664,,Cullen,Gaffey,Chief Curator,
0363-0163,,Sharity,Bernucci,Chief Curator,
24338-112,,Guinevere,Luggar,Chief Curator,
55910-013,,Solly,Budgett,Chief Curator,
10544-296,,Caresa,Scriviner,Chief Curator,
0781-3113,,Bellanca,Laurisch,Chief Curator,
57520-0197,,Griffith,Vasser,Chief Curator,
58980-780,,Palm,Sute,Chief Curator,
11509-0411,,Margarette,Raittie,Chief Curator,
68151-4672,,Joane,Gadson,Chief Curator,
45802-054,,Suellen,Ravilus,Principal Curator,
55289-277,,Harlin,Magowan,Principal Curator,
41163-422,,Leilah,Balogun,Principal Curator,
61995-0315,,Frederich,Zarfati,Principal Curator,
54868-5645,,Donica,Larwell,Principal Curator,
36987-1439,,Gaston,Belhome,Principal Curator,
65121-711,,Carlene,Lonsbrough,Principal Curator,
60258-190,,Alexander,Blowers,Principal Curator,
49288-0272,,Morly,Grishenkov,Principal Curator,
0264-7622,,Ted,Onyon,Principal Curator,
0378-3121,,Jillian,Wadhams,Principal Curator,
10188-001,,Cornie,Joanaud,Principal Curator,
51141-0235,,Diandra,Klesel,Principal Curator,
63323-194,,Gypsy,Ashworth,Principal Curator,
68788-9784,,Shalna,Grut,Principal Curator,
0642-0075,,Latisha,Belderfield,Principal Curator,
21695-502,,Zorah,Barhem,Principal Curator,
50536-077,,Jewell,Lubbock,Principal Curator,
0603-4081,,Raf,Mandal,Principal Curator,
36987-1403,,Filide,Boissieux,Principal Curator,
23155-120,,Staffard,Gilogly,Principal Curator,
48871-003,,Pincus,Fairn,Principal Curator,
50436-6500,,Pete,Muckian,Principal Curator,
0078-0453,,Mureil,Krikorian,Principal Curator,
61509-107,,Jard,Prew,Principal Curator,
76273-001,,Sammy,Elrick,Principal Curator,
63874-230,,Edithe,Viant,Principal Curator,
63874-489,,Donal,Boatswain,Principal Curator,
43857-0287,,Sergent,Bissill,Principal Curator,
24846-0001,,Flossy,Boar,Principal Curator,
51808-101,,Dorie,Attoe,Principal Curator,
0574-0110,,Dallas,Mewrcik,Principal Curator,
42367-202,,Rosabella,Norrey,Principal Curator,
24385-578,,Burty,Cosyns,Principal Curator,
0268-6221,,Candy,Cruickshank,Principal Curator,
36987-1556,,Kristal,Urian,Principal Curator,
41250-547,,Ki,Beartup,Principal Curator,
68151-0329,,Giacopo,Tompion,Principal Curator,
55154-1348,,Madelaine,McNirlan,Principal Curator,
66096-683,,Larine,Coke,Principal Curator,
60905-0404,,Ruben,Stotherfield,Principal Curator,
0703-4075,,Gwenore,Domenge,Principal Curator,
44911-0012,,Lauraine,MacGuigan,Principal Curator,
49999-600,,Timmie,Sands,Principal Curator,
59779-375,,Joelie,Whiff,Principal Curator,
59779-884,,Meier,McTeer,Principal Curator,
43598-331,,Gerry,Pyvis,Principal Curator,
66116-480,,Clarice,Silkston,Principal Curator,
0039-0066,,Rena,Elverston,Principal Curator,
64117-263,,Ambrosio,Monkeman,Principal Curator,
46122-262,,Augusto,King,Principal Curator,
0006-0019,,Thomasine,Polden,Principal Curator,
53135-838,,Aileen,Bault,Principal Curator,
41163-374,,Bay,Rehn,Principal Curator,
51141-0065,,Carmella,Meddows,Principal Curator,
68016-155,,Harp,McKeating,Principal Curator,
15127-006,,Lorrin,Nadin,Principal Curator,
65044-2316,,Bonnie,Habbershon,Principal Curator,
63629-3639,,Zuzana,Roos,Principal Curator,
64117-577,,Oswell,Yoskowitz,Principal Curator,
36987-1184,,Tedman,Hinstock,Principal Curator,
0071-0350,,Rolf,Lindores,Principal Curator,
49715-008,,Del,Verbrugge,Principal Curator,
51444-002,,Tristam,Ansill,Principal Curator,
66758-130,,Merry,Elner,Principal Curator,
0363-0183,,Kassandra,Tingey,Principal Curator,
52125-291,,Spencer,Patty,Principal Curator,
50742-156,,Keir,Birdwhistle,Principal Curator,
55910-911,,Munroe,Yeld,Principal Curator,
41163-949,,Chandra,Klosges,Principal Curator,
59115-028,,Lauretta,Hardwin,Principal Curator,
33992-3003,,Nissy,Durnin,Principal Curator,
43419-020,,Langston,Kleinlerer,Principal Curator,
68788-2634,,Meggie,Bette,Principal Curator,
62011-0081,,Nate,Oda,Principal Curator,
55154-6923,,Kalinda,Burr,Principal Curator,
56062-359,,Moll,Crimpe,Principal Curator,
0904-7720,,Celeste,Binyon,Principal Curator,
68788-9718,,Davie,Brick,Principal Curator,
30142-056,,Fransisco,Ayerst,Principal Curator,
45014-158,,Rene,Baudassi,Principal Curator,
11344-541,,Nikolaos,Nurcombe,Principal Curator,
63323-338,,Jacenta,Gleader,Principal Curator,
61786-015,,Tiff,Fortie,Principal Curator,
49348-574,,Hestia,Wasiela,Principal Curator,
10237-654,,Rolph,Pilbury,Principal Curator,
46122-184,,Fleurette,Bruce,Principal Curator,
11822-0556,,Riobard,Betz,Principal Curator,
63187-006,,Zeb,Caudell,Principal Curator,
55118-570,,Erminie,Stanger,Principal Curator,
48951-3143,,Starlin,Orbell,Principal Curator,
42023-113,,Marsh,Heigho,Principal Curator,
36987-3111,,Sherman,Crippell,Principal Curator,
11673-675,,Carlos,Hirtz,Principal Curator,
55301-189,,Ofilia,Mitchelhill,Principal Curator,
0603-3739,,Tami,Casajuana,Principal Curator,
0603-3776,,allan,koech,Principal Curator,
06035-3776,,james,kariuki,Chief Curator,
